{"random": {"0": [-83.13199999999955, 42.435999999999815], "1": [-82.90399999999927, 42.38799999999984], "2": [-82.91199999999928, 42.40799999999983], "3": [-82.89199999999926, 42.39599999999984], "4": [-82.89199999999926, 42.419999999999824], "5": [-82.90399999999927, 42.435999999999815], "6": [-83.26799999999972, 42.307999999999886], "7": [-83.15999999999958, 42.42799999999982], "8": [-83.13599999999956, 42.42399999999982], "9": [-83.23599999999968, 42.399999999999835], "10": [-83.20399999999964, 42.41199999999983], "11": [-82.94399999999932, 42.41199999999983], "12": [-83.23199999999967, 42.55599999999975], "13": [-83.15599999999958, 42.48399999999979], "14": [-82.9319999999993, 42.38799999999984], "15": [-83.23199999999967, 42.42399999999982], "16": [-83.1719999999996, 42.35199999999986], "17": [-82.97999999999936, 42.42399999999982], "18": [-82.99199999999938, 42.40799999999983], "19": [-82.97599999999936, 42.40399999999983], "20": [-82.94399999999932, 42.40399999999983], "21": [-83.20799999999964, 42.55599999999975], "22": [-83.20399999999964, 42.527999999999764], "23": [-83.23199999999967, 42.49999999999978], "24": [-83.1679999999996, 42.507999999999775], "25": [-83.16399999999959, 42.487999999999786], "26": [-83.13999999999956, 42.43999999999981], "27": [-83.15599999999958, 42.487999999999786], "28": [-83.14799999999957, 42.471999999999795], "29": [-83.14799999999957, 42.4639999999998], "30": [-82.9319999999993, 42.37599999999985], "31": [-82.91999999999929, 42.39599999999984], "32": [-82.90399999999927, 42.41199999999983], "33": [-82.89199999999926, 42.44399999999981], "34": [-83.29599999999975, 42.39599999999984], "35": [-83.2599999999997, 42.32399999999988], "36": [-83.2519999999997, 42.29999999999989], "37": [-83.16399999999959, 42.419999999999824], "38": [-83.1759999999996, 42.343999999999866], "39": [-83.21199999999965, 42.25199999999992], "40": [-83.1759999999996, 42.23199999999993], "41": [-83.15199999999957, 42.23199999999993], "42": [-83.17999999999961, 42.20799999999994], "43": [-83.1759999999996, 42.13999999999998], "44": [-83.19199999999962, 42.14399999999998], "45": [-83.11599999999953, 42.419999999999824], "46": [-82.88799999999925, 42.49599999999978], "47": [-83.39199999999987, 42.2879999999999], "48": [-83.13999999999956, 42.419999999999824], "49": [-83.24799999999969, 42.41199999999983], "50": [-83.22799999999967, 42.41199999999983], "51": [-83.19599999999963, 42.40799999999983], "52": [-83.20399999999964, 42.38799999999984], "53": [-83.16399999999959, 42.383999999999844], "54": [-83.28399999999974, 42.43199999999982], "55": [-83.11999999999954, 42.41199999999983], "56": [-83.27599999999973, 42.35599999999986], "57": [-83.27599999999973, 42.327999999999875], "58": [-83.36399999999983, 42.31599999999988], "59": [-83.38399999999986, 42.2839999999999], "60": [-83.37999999999985, 42.26799999999991], "61": [-83.32399999999978, 42.29999999999989], "62": [-83.27999999999973, 42.29999999999989], "63": [-83.24799999999969, 42.2879999999999], "64": [-83.18399999999961, 42.2839999999999], "65": [-83.1719999999996, 42.2839999999999], "66": [-83.13999999999956, 42.40799999999983], "67": [-83.18799999999962, 42.26799999999991], "68": [-83.1679999999996, 42.255999999999915], "69": [-83.13199999999955, 42.26799999999991], "70": [-83.12799999999955, 42.271999999999906], "71": [-83.13599999999956, 42.25999999999991], "72": [-83.15599999999958, 42.21599999999994], "73": [-83.1679999999996, 42.199999999999946], "74": [-83.17999999999961, 42.13999999999998], "75": [-83.1679999999996, 42.33599999999987], "76": [-83.18399999999961, 42.33199999999987], "77": [-83.13999999999956, 42.399999999999835], "78": [-82.89599999999926, 42.40799999999983], "79": [-82.90399999999927, 42.39599999999984], "80": [-82.91199999999928, 42.383999999999844], "81": [-82.94399999999932, 42.383999999999844], "82": [-83.11199999999953, 42.435999999999815], "83": [-83.10799999999952, 42.42799999999982], "84": [-83.07999999999949, 42.43999999999981], "85": [-83.02399999999942, 42.40799999999983], "86": [-83.0119999999994, 42.42799999999982], "87": [-82.99999999999939, 42.40799999999983], "88": [-82.95999999999934, 42.44399999999981], "89": [-83.28399999999974, 42.42799999999982], "90": [-82.96799999999935, 42.43199999999982], "91": [-83.1719999999996, 42.37599999999985], "92": [-83.15199999999957, 42.399999999999835], "93": [-83.15999999999958, 42.39599999999984], "94": [-83.15199999999957, 42.383999999999844], "95": [-83.14799999999957, 42.35999999999986], "96": [-83.13599999999956, 42.36799999999985], "97": [-83.13199999999955, 42.38799999999984], "98": [-83.13199999999955, 42.37599999999985], "99": [-83.11999999999954, 42.37599999999985], "100": [-83.26399999999971, 42.41199999999983], "101": [-83.10799999999952, 42.383999999999844], "102": [-83.09999999999951, 42.379999999999846], "103": [-83.12399999999954, 42.35199999999986], "104": [-83.11199999999953, 42.363999999999855], "105": [-83.10799999999952, 42.363999999999855], "106": [-83.09999999999951, 42.363999999999855], "107": [-83.07999999999949, 42.379999999999846], "108": [-83.04399999999944, 42.415999999999826], "109": [-83.02399999999942, 42.39599999999984], "110": [-83.01999999999941, 42.39599999999984], "111": [-83.2519999999997, 42.42399999999982], "112": [-83.21199999999965, 42.363999999999855], "113": [-83.19599999999963, 42.37199999999985], "114": [-83.21599999999965, 42.33999999999987], "115": [-83.20399999999964, 42.33999999999987], "116": [-83.14799999999957, 42.275999999999904], "117": [-83.14399999999956, 42.33199999999987], "118": [-83.13599999999956, 42.29999999999989], "119": [-83.10799999999952, 42.307999999999886], "120": [-83.0879999999995, 42.31599999999988], "121": [-83.07599999999948, 42.347999999999864], "122": [-83.19599999999963, 42.415999999999826], "123": [-83.06799999999947, 42.363999999999855], "124": [-83.03599999999943, 42.37599999999985], "125": [-83.01999999999941, 42.383999999999844], "126": [-82.99999999999939, 42.363999999999855], "127": [-82.99599999999938, 42.379999999999846], "128": [-82.98399999999937, 42.36799999999985], "129": [-82.98399999999937, 42.35599999999986], "130": [-82.97599999999936, 42.35999999999986], "131": [-82.97999999999936, 42.39599999999984], "132": [-82.95199999999933, 42.379999999999846], "133": [-83.15199999999957, 42.41199999999983], "134": [-82.95199999999933, 42.36799999999985], "135": [-82.93999999999932, 42.36799999999985], "136": [-82.93999999999932, 42.37199999999985], "137": [-82.9239999999993, 42.41199999999983], "138": [-82.91999999999929, 42.40399999999983], "139": [-82.91999999999929, 42.419999999999824], "140": [-83.11199999999953, 42.41199999999983], "141": [-83.10399999999952, 42.41199999999983], "142": [-83.0919999999995, 42.39599999999984], "143": [-83.14399999999956, 42.40799999999983], "144": [-83.0919999999995, 42.40399999999983], "145": [-83.05599999999946, 42.40399999999983], "146": [-83.22399999999966, 42.55199999999975], "147": [-83.20799999999964, 42.543999999999755], "148": [-83.22399999999966, 42.53599999999976], "149": [-83.15999999999958, 42.53599999999976], "150": [-83.18799999999962, 42.507999999999775], "151": [-83.19599999999963, 42.49599999999978], "152": [-83.17999999999961, 42.491999999999784], "153": [-83.14399999999956, 42.507999999999775], "154": [-83.14399999999956, 42.44399999999981], "155": [-83.15999999999958, 42.49599999999978], "156": [-83.13599999999956, 42.49599999999978], "157": [-83.14399999999956, 42.47999999999979], "158": [-83.13199999999955, 42.47999999999979], "159": [-83.17999999999961, 42.48399999999979], "160": [-83.13999999999956, 42.4679999999998], "161": [-83.15999999999958, 42.4639999999998], "162": [-83.13199999999955, 42.44799999999981], "163": [-83.12799999999955, 42.455999999999804], "164": [-83.10399999999952, 42.4599999999998], "165": [-83.12799999999955, 42.415999999999826], "166": [-83.01999999999941, 42.48399999999979], "167": [-83.03199999999943, 42.4599999999998],